incident,hop,datetime,from_person,to_person,id
HiddenOrca,1,2046-05-08T21:50:03Z,gabriel_sonar,zoey_drydock,15788
HiddenOrca,2,2046-05-08T22:48:16Z,zoey_drydock,olivia_keel,16083
HiddenOrca,3,2046-05-08T23:10:39Z,olivia_keel,liam_anchor,16231
HiddenOrca,4,2046-05-08T23:13:50Z,liam_anchor,victoria_rigging,16247
HiddenOrca,5,2046-05-09T00:06:10Z,victoria_rigging,victoria_rigging,16559
HiddenOrca,6,2046-05-09T00:49:39Z,victoria_rigging,james_stern,16857
HiddenOrca,7,2046-05-09T01:23:23Z,james_stern,james_stern,17029
HiddenOrca,8,2046-05-09T02:57:48Z,james_stern,james_stern,17580
HiddenOrca,9,2046-05-09T03:44:32Z,james_stern,zoey_drydock,17735
HiddenOrca,10,2046-05-09T05:41:57Z,zoey_drydock,zoey_drydock,18222
HiddenOrca,11,2046-05-09T06:36:21Z,zoey_drydock,owen_hatch,18439
HiddenOrca,12,2046-05-09T08:04:25Z,owen_hatch,victoria_rigging,18832
HiddenOrca,13,2046-05-09T08:31:24Z,victoria_rigging,olivia_keel,18999
HiddenOrca,14,2046-05-09T09:52:13Z,olivia_keel,owen_hatch,19505
HiddenOrca,15,2046-05-09T10:35:31Z,owen_hatch,liam_anchor,19780
HiddenOrca,16,2046-05-09T11:31:40Z,liam_anchor,michael_capstan,20118
HiddenOrca,17,2046-05-09T12:33:22Z,michael_capstan,lily_anchorline,20443
HiddenOrca,18,2046-05-09T12:42:55Z,lily_anchorline,evelyn_dock,20499
HiddenOrca,19,2046-05-09T14:25:23Z,evelyn_dock,olivia_keel,21023
HiddenOrca,20,2046-05-09T14:40:57Z,olivia_keel,chloe_ballast,21101
HiddenOrca,21,2046-05-09T15:57:49Z,chloe_ballast,mia_fender,21584
HiddenOrca,22,2046-05-09T17:04:36Z,mia_fender,zoey_drydock,21949
HiddenOrca,23,2046-05-09T18:52:29Z,zoey_drydock,gabriel_sonar,22505
HiddenOrca,24,2046-05-09T20:33:36Z,gabriel_sonar,henry_sail,23821
HiddenOrca,25,2046-05-09T21:54:50Z,henry_sail,evelyn_dock,24107
HiddenOrca,26,2046-05-09T23:13:31Z,evelyn_dock,gabriel_sonar,24398
HiddenOrca,27,2046-05-10T00:38:20Z,gabriel_sonar,levi_signal,24687
HiddenOrca,28,2046-05-10T01:31:08Z,levi_signal,mia_fender,24901
HiddenOrca,29,2046-05-10T01:44:12Z,mia_fender,levi_signal,24940
HiddenOrca,30,2046-05-10T02:39:32Z,levi_signal,owen_hatch,25121
HiddenOrca,31,2046-05-10T03:17:02Z,owen_hatch,victoria_rigging,25241
HiddenOrca,32,2046-05-10T04:28:29Z,victoria_rigging,lily_anchorline,25496
HiddenOrca,33,2046-05-10T05:57:15Z,lily_anchorline,evelyn_dock,25821
HiddenOrca,34,2046-05-10T06:38:51Z,evelyn_dock,daniel_gangway,25973
HiddenOrca,35,2046-05-10T08:06:56Z,daniel_gangway,gabriel_sonar,26259
HiddenOrca,36,2046-05-10T09:26:01Z,gabriel_sonar,chloe_ballast,26530
HiddenOrca,37,2046-05-10T11:01:45Z,chloe_ballast,michael_capstan,26854
HiddenOrca,38,2046-05-10T11:05:24Z,michael_capstan,chloe_ballast,26868
HiddenOrca,39,2046-05-10T12:45:40Z,chloe_ballast,john_windward,27280
MellowOtter,1,2046-05-10T15:02:03Z,noah_mariner,victoria_rigging,27734
MellowOtter,2,2046-05-10T15:47:25Z,victoria_rigging,owen_hatch,27892
MellowOtter,3,2046-05-10T16:08:51Z,owen_hatch,levi_signal,27974
MellowOtter,4,2046-05-10T17:21:19Z,levi_signal,olivia_keel,28233
MellowOtter,5,2046-05-10T18:59:58Z,olivia_keel,mia_fender,28655
MellowOtter,6,2046-05-10T20:55:57Z,mia_fender,evelyn_dock,40061
MellowOtter,7,2046-05-10T22:05:48Z,evelyn_dock,gabriel_sonar,56924
MellowOtter,8,2046-05-10T22:27:21Z,gabriel_sonar,zoey_drydock,62183
MellowOtter,9,2046-05-10T23:26:59Z,zoey_drydock,lily_anchorline,76844
MellowOtter,10,2046-05-11T00:56:02Z,lily_anchorline,john_windward,98577
SwiftWren,1,2046-05-09T15:02:03Z,emma_harbor,evelyn_dock,21209
SwiftWren,2,2046-05-09T16:52:13Z,evelyn_dock,chloe_ballast,21882
SwiftWren,3,2046-05-09T17:56:48Z,chloe_ballast,mia_fender,22234
SwiftWren,4,2046-05-09T19:21:15Z,mia_fender,levi_signal,22642
SwiftWren,5,2046-05-09T19:22:16Z,levi_signal,owen_hatch,22644
SwiftWren,6,2046-05-09T20:54:23Z,owen_hatch,victoria_rigging,23869
SwiftWren,7,2046-05-09T22:13:40Z,victoria_rigging,owen_hatch,24188
SwiftWren,8,2046-05-09T22:57:39Z,owen_hatch,mia_fender,24332
SwiftWren,9,2046-05-10T00:18:06Z,mia_fender,evelyn_dock,24629
SwiftWren,10,2046-05-10T02:05:42Z,evelyn_dock,daniel_gangway,25009
SwiftWren,11,2046-05-10T03:43:36Z,daniel_gangway,chloe_ballast,25341
SwiftWren,12,2046-05-10T04:56:09Z,chloe_ballast,lily_anchorline,25600
SwiftWren,13,2046-05-10T05:17:59Z,lily_anchorline,gabriel_sonar,25681
SwiftWren,14,2046-05-10T06:18:25Z,gabriel_sonar,chloe_ballast,25905
SwiftWren,15,2046-05-10T06:31:17Z,chloe_ballast,mia_fender,25933
SwiftWren,16,2046-05-10T07:35:30Z,mia_fender,evelyn_dock,26154
SwiftWren,17,2046-05-10T09:29:25Z,evelyn_dock,daniel_gangway,26552
SwiftWren,18,2046-05-10T10:46:09Z,daniel_gangway,victoria_rigging,26819
SwiftWren,19,2046-05-10T12:00:12Z,victoria_rigging,owen_hatch,27091
SwiftWren,20,2046-05-10T12:34:11Z,owen_hatch,liam_anchor,27220
SwiftWren,21,2046-05-10T13:44:59Z,liam_anchor,gabriel_sonar,27502
SwiftWren,22,2046-05-10T15:34:46Z,gabriel_sonar,victoria_rigging,27850
SwiftWren,23,2046-05-10T16:04:14Z,victoria_rigging,gabriel_sonar,27935
SwiftWren,24,2046-05-10T17:38:22Z,gabriel_sonar,henry_sail,28308
SwiftWren,25,2046-05-10T17:59:19Z,henry_sail,levi_signal,28404
SwiftWren,26,2046-05-10T18:48:40Z,levi_signal,olivia_keel,28603
SwiftWren,27,2046-05-10T19:37:29Z,olivia_keel,olivia_keel,28793
SwiftWren,28,2046-05-10T21:22:27Z,olivia_keel,john_windward,46396
SwiftWren,29,2046-05-10T22:14:56Z,john_windward,owen_hatch,59126
SwiftWren,30,2046-05-10T23:50:24Z,owen_hatch,david_breakwater,82635
SwiftWren,31,2046-05-11T00:01:28Z,david_breakwater,henry_sail,85342
SwiftWren,32,2046-05-11T00:07:05Z,henry_sail,henry_sail,86741
SwiftWren,33,2046-05-11T01:42:45Z,henry_sail,zoey_drydock,110012
SwiftWren,34,2046-05-11T03:05:50Z,zoey_drydock,henry_sail,119716
SwiftWren,35,2046-05-11T03:45:54Z,henry_sail,evelyn_dock,119921
SwiftWren,36,2046-05-11T03:52:03Z,evelyn_dock,henry_sail,119950
SwiftWren,37,2046-05-11T05:23:50Z,henry_sail,zoey_drydock,120525
SwiftWren,38,2046-05-11T05:59:44Z,zoey_drydock,chloe_ballast,120761
SwiftWren,39,2046-05-11T06:35:27Z,chloe_ballast,liam_anchor,120942
SwiftWren,40,2046-05-11T07:12:47Z,liam_anchor,liam_anchor,121211
SwiftWren,41,2046-05-11T07:50:16Z,liam_anchor,mia_fender,121408
SwiftWren,42,2046-05-11T09:09:44Z,mia_fender,victoria_rigging,121792
SwiftWren,43,2046-05-11T10:06:40Z,victoria_rigging,olivia_keel,122058
SwiftWren,44,2046-05-11T10:28:08Z,olivia_keel,olivia_keel,122268
SwiftWren,45,2046-05-11T10:32:48Z,olivia_keel,chloe_ballast,122304
SwiftWren,46,2046-05-11T10:52:28Z,chloe_ballast,daniel_gangway,122397
SwiftWren,47,2046-05-11T12:46:22Z,daniel_gangway,liam_anchor,122999
SwiftWren,48,2046-05-11T13:03:30Z,liam_anchor,john_windward,123088
SwiftWren,49,2046-05-11T13:45:38Z,john_windward,owen_hatch,123340
SwiftWren,50,2046-05-11T15:04:08Z,owen_hatch,levi_signal,123750
SwiftWren,51,2046-05-11T16:07:22Z,levi_signal,chloe_ballast,126278
SwiftWren,52,2046-05-11T16:35:40Z,chloe_ballast,mia_fender,133171
SwiftWren,53,2046-05-11T17:44:38Z,mia_fender,evelyn_dock,149838
SwiftWren,54,2046-05-11T19:17:24Z,evelyn_dock,gabriel_sonar,172346
SwiftWren,55,2046-05-11T20:31:44Z,gabriel_sonar,zoey_drydock,190443
SwiftWren,56,2046-05-11T20:41:09Z,zoey_drydock,evelyn_dock,192660
SwiftWren,57,2046-05-11T22:18:48Z,evelyn_dock,levi_signal,209675
SwiftWren,58,2046-05-12T00:16:25Z,levi_signal,liam_anchor,210118
SwiftWren,59,2046-05-12T01:35:04Z,liam_anchor,levi_signal,210394
SwiftWren,60,2046-05-12T03:00:32Z,levi_signal,zoey_drydock,210651
SwiftWren,61,2046-05-12T03:50:54Z,zoey_drydock,zoey_drydock,210817
SwiftWren,62,2046-05-12T04:26:44Z,zoey_drydock,victoria_rigging,210938
SwiftWren,63,2046-05-12T06:10:31Z,victoria_rigging,lily_anchorline,211314
SwiftWren,64,2046-05-12T06:33:48Z,lily_anchorline,gabriel_sonar,211405
SwiftWren,65,2046-05-12T07:41:10Z,gabriel_sonar,levi_signal,217879
SwiftWren,66,2046-05-12T09:28:57Z,levi_signal,olivia_keel,269983
SwiftWren,67,2046-05-12T10:58:51Z,olivia_keel,zoey_drydock,304495
SwiftWren,68,2046-05-12T11:10:41Z,zoey_drydock,gabriel_sonar,307392
SwiftWren,69,2046-05-12T12:17:04Z,gabriel_sonar,daniel_gangway,311422
SwiftWren,70,2046-05-12T13:28:26Z,daniel_gangway,levi_signal,328327
SwiftWren,71,2046-05-12T14:59:44Z,levi_signal,liam_anchor,340969
SwiftWren,72,2046-05-12T16:27:42Z,liam_anchor,david_breakwater,341255
SwiftWren,73,2046-05-12T17:41:07Z,david_breakwater,james_stern,341502
SwiftWren,74,2046-05-12T18:45:28Z,james_stern,victoria_rigging,341740
SwiftWren,75,2046-05-12T18:49:16Z,victoria_rigging,evelyn_dock,341766
SwiftWren,76,2046-05-12T20:02:03Z,evelyn_dock,evelyn_dock,342159
SwiftWren,77,2046-05-12T20:40:28Z,evelyn_dock,lily_anchorline,342324
SwiftWren,78,2046-05-12T21:57:15Z,lily_anchorline,michael_capstan,342701
SwiftWren,79,2046-05-12T22:06:25Z,michael_capstan,evelyn_dock,342759
SwiftWren,80,2046-05-12T23:13:27Z,evelyn_dock,victoria_rigging,343098
SwiftWren,81,2046-05-13T00:11:46Z,victoria_rigging,evelyn_dock,343511
SwiftWren,82,2046-05-13T00:56:03Z,evelyn_dock,victoria_rigging,343785
SwiftWren,83,2046-05-13T02:17:56Z,victoria_rigging,lily_anchorline,344224
SwiftWren,84,2046-05-13T03:39:27Z,lily_anchorline,lily_anchorline,344720
SwiftWren,85,2046-05-13T04:20:57Z,lily_anchorline,henry_sail,344958
SwiftWren,86,2046-05-13T04:35:39Z,henry_sail,levi_signal,345019
SwiftWren,87,2046-05-13T04:44:07Z,levi_signal,james_stern,345062
SwiftWren,88,2046-05-13T05:48:38Z,james_stern,zoey_drydock,345389
SwiftWren,89,2046-05-13T06:36:27Z,zoey_drydock,daniel_gangway,345695
SwiftWren,90,2046-05-13T06:55:39Z,daniel_gangway,james_stern,345843
SwiftWren,91,2046-05-13T07:03:27Z,james_stern,victoria_rigging,345885
SwiftWren,92,2046-05-13T07:28:24Z,victoria_rigging,gabriel_sonar,346060
SwiftWren,93,2046-05-13T07:57:13Z,gabriel_sonar,zoey_drydock,346234
SwiftWren,94,2046-05-13T08:16:36Z,zoey_drydock,chloe_ballast,346371
SwiftWren,95,2046-05-13T09:33:26Z,chloe_ballast,james_stern,346789
SwiftWren,96,2046-05-13T10:33:09Z,james_stern,gabriel_sonar,347144
SwiftWren,97,2046-05-13T12:03:57Z,gabriel_sonar,victoria_rigging,347697
SwiftWren,98,2046-05-13T13:12:26Z,victoria_rigging,gabriel_sonar,348032
SwiftWren,99,2046-05-13T14:15:50Z,gabriel_sonar,levi_signal,348383
SwiftWren,100,2046-05-13T14:58:57Z,levi_signal,owen_hatch,348607
SwiftWren,101,2046-05-13T15:38:00Z,owen_hatch,liam_anchor,348819
SwiftWren,102,2046-05-13T17:02:21Z,liam_anchor,owen_hatch,349291
SwiftWren,103,2046-05-13T18:38:59Z,owen_hatch,olivia_keel,349798
SwiftWren,104,2046-05-13T18:52:06Z,olivia_keel,henry_sail,349872
SwiftWren,105,2046-05-13T19:14:16Z,henry_sail,levi_signal,350011
SwiftWren,106,2046-05-13T20:21:49Z,levi_signal,mia_fender,350355
SwiftWren,107,2046-05-13T22:10:45Z,mia_fender,james_stern,351019
SwiftWren,108,2046-05-13T23:47:36Z,james_stern,daniel_gangway,351563
SwiftWren,109,2046-05-14T00:49:22Z,daniel_gangway,lily_anchorline,351912
SwiftWren,110,2046-05-14T02:09:09Z,lily_anchorline,michael_capstan,352406
SwiftWren,111,2046-05-14T03:22:12Z,michael_capstan,liam_anchor,352801
SwiftWren,112,2046-05-14T05:06:36Z,liam_anchor,michael_capstan,353470
SwiftWren,113,2046-05-14T06:18:49Z,michael_capstan,liam_anchor,353931
SwiftWren,114,2046-05-14T06:48:51Z,liam_anchor,owen_hatch,354067
SwiftWren,115,2046-05-14T08:25:27Z,owen_hatch,chloe_ballast,354624
SwiftWren,116,2046-05-14T09:11:51Z,chloe_ballast,chloe_ballast,354895
SwiftWren,117,2046-05-14T10:37:11Z,chloe_ballast,zoey_drydock,355362
SwiftWren,118,2046-05-14T10:55:33Z,zoey_drydock,olivia_keel,355483
SwiftWren,119,2046-05-14T12:48:23Z,olivia_keel,mia_fender,356087
SwiftWren,120,2046-05-14T13:37:23Z,mia_fender,mia_fender,356392
SwiftWren,121,2046-05-14T14:57:39Z,mia_fender,evelyn_dock,356784
SwiftWren,122,2046-05-14T15:21:49Z,evelyn_dock,gabriel_sonar,356936
SwiftWren,123,2046-05-14T15:33:58Z,gabriel_sonar,levi_signal,356995
SwiftWren,124,2046-05-14T16:03:02Z,levi_signal,owen_hatch,357152
SwiftWren,125,2046-05-14T16:35:00Z,owen_hatch,levi_signal,357362
SwiftWren,126,2046-05-14T18:25:10Z,levi_signal,victoria_rigging,357996
SwiftWren,127,2046-05-14T19:05:02Z,victoria_rigging,evelyn_dock,358243
SwiftWren,128,2046-05-14T20:06:55Z,evelyn_dock,chloe_ballast,358563
SwiftWren,129,2046-05-14T21:54:09Z,chloe_ballast,mia_fender,361089
SwiftWren,130,2046-05-14T22:47:26Z,mia_fender,levi_signal,361265
SwiftWren,131,2046-05-14T22:57:54Z,levi_signal,chloe_ballast,361303
SwiftWren,132,2046-05-14T23:34:01Z,chloe_ballast,liam_anchor,361444
SwiftWren,133,2046-05-15T00:34:16Z,liam_anchor,james_stern,361644
SwiftWren,134,2046-05-15T02:04:01Z,james_stern,gabriel_sonar,361958
SwiftWren,135,2046-05-15T03:45:11Z,gabriel_sonar,gabriel_sonar,362358
SwiftWren,136,2046-05-15T04:52:56Z,gabriel_sonar,zoey_drydock,362619
SwiftWren,137,2046-05-15T06:02:20Z,zoey_drydock,evelyn_dock,362878
SwiftWren,138,2046-05-15T07:56:29Z,evelyn_dock,evelyn_dock,363298
SwiftWren,139,2046-05-15T08:01:50Z,evelyn_dock,henry_sail,363323
SwiftWren,140,2046-05-15T09:59:44Z,henry_sail,olivia_keel,363751
SwiftWren,141,2046-05-15T10:31:01Z,olivia_keel,owen_hatch,363863
SwiftWren,142,2046-05-15T10:48:39Z,owen_hatch,david_breakwater,363937
SwiftWren,143,2046-05-15T11:40:04Z,david_breakwater,olivia_keel,364121
SwiftWren,144,2046-05-15T12:42:32Z,olivia_keel,john_windward,364377
SwiftWren,145,2046-05-15T13:34:50Z,john_windward,john_windward,364604
SwiftWren,146,2046-05-15T14:53:46Z,john_windward,gabriel_sonar,364912
SwiftWren,147,2046-05-15T16:05:51Z,gabriel_sonar,henry_sail,365187
SwiftWren,148,2046-05-15T17:21:35Z,henry_sail,henry_sail,365421
SwiftWren,149,2046-05-15T18:45:55Z,henry_sail,zoey_drydock,365743
SwiftWren,150,2046-05-15T19:34:46Z,zoey_drydock,daniel_gangway,365934
SwiftWren,151,2046-05-15T20:51:54Z,daniel_gangway,gabriel_sonar,366207
SwiftWren,152,2046-05-15T21:36:00Z,gabriel_sonar,daniel_gangway,366385
SwiftWren,153,2046-05-15T22:44:38Z,daniel_gangway,zoey_drydock,366616
SwiftWren,154,2046-05-15T23:51:59Z,zoey_drydock,liam_anchor,366880
SwiftWren,155,2046-05-16T01:01:55Z,liam_anchor,david_breakwater,367149
SwiftWren,156,2046-05-16T01:22:34Z,david_breakwater,lily_anchorline,367253
SwiftWren,157,2046-05-16T01:38:24Z,lily_anchorline,evelyn_dock,367310
SwiftWren,158,2046-05-16T02:27:10Z,evelyn_dock,owen_hatch,367490
SwiftWren,159,2046-05-16T04:17:22Z,owen_hatch,gabriel_sonar,367975
SwiftWren,160,2046-05-16T04:32:29Z,gabriel_sonar,olivia_keel,368034
SwiftWren,161,2046-05-16T05:49:11Z,olivia_keel,owen_hatch,368308
SwiftWren,162,2046-05-16T07:30:09Z,owen_hatch,daniel_gangway,368685
SwiftWren,163,2046-05-16T08:21:23Z,daniel_gangway,lily_anchorline,368876
SwiftWren,164,2046-05-16T08:53:59Z,lily_anchorline,levi_signal,369026
SwiftWren,165,2046-05-16T09:17:49Z,levi_signal,evelyn_dock,369090
SwiftWren,166,2046-05-16T10:14:04Z,evelyn_dock,victoria_rigging,369250
SwiftWren,167,2046-05-16T11:30:03Z,victoria_rigging,owen_hatch,369502
SwiftWren,168,2046-05-16T12:18:10Z,owen_hatch,mia_fender,369656
SwiftWren,169,2046-05-16T13:10:26Z,mia_fender,levi_signal,369812
SwiftWren,170,2046-05-16T13:19:28Z,levi_signal,evelyn_dock,369837
SwiftWren,171,2046-05-16T15:16:16Z,evelyn_dock,chloe_ballast,370227
SwiftWren,172,2046-05-16T16:54:38Z,chloe_ballast,michael_capstan,370548
SwiftWren,173,2046-05-16T18:51:51Z,michael_capstan,michael_capstan,370916
SwiftWren,174,2046-05-16T20:50:01Z,michael_capstan,michael_capstan,371331
SwiftWren,175,2046-05-16T22:28:45Z,michael_capstan,mia_fender,371557
SwiftWren,176,2046-05-16T23:48:45Z,mia_fender,james_stern,371890
SwiftWren,177,2046-05-17T00:51:43Z,james_stern,gabriel_sonar,372157
SwiftWren,178,2046-05-17T02:26:11Z,gabriel_sonar,daniel_gangway,372473
SwiftWren,179,2046-05-17T04:12:32Z,daniel_gangway,zoey_drydock,372821
SwiftWren,180,2046-05-17T05:34:32Z,zoey_drydock,mia_fender,373064
SwiftWren,181,2046-05-17T05:52:51Z,mia_fender,victoria_rigging,373130
SwiftWren,182,2046-05-17T06:44:28Z,victoria_rigging,zoey_drydock,373282
SwiftWren,183,2046-05-17T08:16:07Z,zoey_drydock,lily_anchorline,373635
SwiftWren,184,2046-05-17T10:11:31Z,lily_anchorline,daniel_gangway,373831
SwiftWren,185,2046-05-17T11:12:24Z,daniel_gangway,chloe_ballast,373882
SwiftWren,186,2046-05-17T11:21:13Z,chloe_ballast,john_windward,373893
